,
art_gallery,
atm,
bakery,
bank,
bar,
beauty_salon,
book_store,
bus_station,
cafe,
car_dealer,
car_repair,
church,
clothing_store,
dentist,
doctor,
electronics_store,
furniture_store,
gas_station,
gym,
hair_care,
hardware_store,
hindu_temple,
home_goods_store,
hospital,
insurance_agency,
jewelry_store,
laundry,
lawyer,
library,
local_government_office,
lodging,
meal_delivery,
meal_takeaway,
movie_theater,
night_club,
park,
pharmacy,
police,
post_office,
real_estate_agency,
restaurant,
school,
shoe_store,
shopping_mall,
spa,
store,
transit_station,
travel_agency,
university,
